EDUCATION,0,1
0,1.0,0.0
1,0.8855891871311632,0.11441081286883685
2,0.8468431771894094,0.15315682281059062
3,0.8408262454434994,0.1591737545565006
4,0.9710144927536232,0.028985507246376812
5,0.937888198757764,0.062111801242236024
6,0.8666666666666667,0.13333333333333333
