MARRIAGE,0,1
0,0.9166666666666666,0.08333333333333333
1,0.8498137002006305,0.15018629979936945
2,0.8709322241252753,0.12906777587472473
3,0.8135593220338984,0.1864406779661017
