SEX,0,1
1,0.8456002616944717,0.1543997383055283
2,0.87076523433272,0.12923476566728
