SEX,0,1
1,0.8453726453726453,0.15462735462735464
2,0.8706672443674177,0.1293327556325823
