MARRIAGE,0,1
0,0.9090909090909091,0.09090909090909091
1,0.8497491039426524,0.15025089605734768
2,0.8708690330477357,0.1291309669522644
3,0.8047337278106509,0.1952662721893491
