EDUCATION,0,1
0,1.0,0.0
1,0.8855674028941356,0.11443259710586444
2,0.8467807660961695,0.1532192339038305
3,0.8404384896467723,0.15956151035322777
4,0.9682539682539683,0.031746031746031744
5,0.937888198757764,0.062111801242236024
6,0.8666666666666667,0.13333333333333333
